{"last_index": 12, "train_errors": [0.6931471805599452, 0.6931471805599452, 0.6931471805599452, 0.6931471805599452, 0.5820126710760756, 0.43757838675282595, 0.28593299706340425, 0.1178205006550793, 0.08794570222396879, 0.09517772628159805, 0.09134297334653918, 0.09356611578011484, 0.09303213326006947], "val_errors": [0.6931471805599453, 0.6931471805599453, 0.6931471805599453, 0.6931471805599453, 0.6051222098504205, 0.4831979891990332, 0.3937276365891637, 0.326847133089076, 0.3444313714307382, 0.3516041906907892, 0.3517300579600785, 0.35161113086000223, 0.35162166928107935], "train_f1s": [0.7439160526903327, 0.7439160526903327, 0.7439160526903327, 0.7439160526903327, 0.7477141889603792, 0.8152320313456594, 0.8898261758691206, 0.9741300065659881, 0.9996010107727091, 1.0, 1.0, 1.0, 1.0], "val_f1s": [0.7298369325694138, 0.7298369325694138, 0.7298369325694138, 0.7298369325694138, 0.7323818019625334, 0.7934204160619255, 0.8380855397148677, 0.8738366080661841, 0.8672199170124482, 0.8565510098394614, 0.8565510098394614, 0.8565510098394614, 0.8565510098394614], "best_f1": 0.8738366080661841, "best_C": 10.0}