{"last_index": 12, "train_errors": [0.6931471805599452, 0.6931471805599452, 0.6931471805599452, 0.6931471805599452, 0.6784732607723317, 0.45506194316338583, 0.3009508302279296, 0.11793254851903372, 0.09719487109963587, 0.1060247467999663, 0.10245214573675379, 0.10115292404356564, 0.10086008497451612], "val_errors": [0.6931471805599452, 0.6931471805599452, 0.6931471805599452, 0.6931471805599452, 0.6801766021571148, 0.5166307647876214, 0.42176840204711785, 0.3580405279960707, 0.38849828959346433, 0.3891698120716363, 0.3893864651420176, 0.3891988161881634, 0.3891472228926568], "train_f1s": [0.7246758954076027, 0.7246758954076027, 0.7246758954076027, 0.7246758954076027, 0.7246758954076027, 0.8098052090172905, 0.8843317972350231, 0.9779464073986246, 1.0, 1.0, 1.0, 1.0, 1.0], "val_f1s": [0.7034154777345439, 0.7034154777345439, 0.7034154777345439, 0.7034154777345439, 0.7034154777345439, 0.7715846994535519, 0.8156629264941607, 0.852996254681648, 0.8362600854295207, 0.8362171130599668, 0.8362171130599668, 0.8362171130599668, 0.8362171130599668], "best_f1": 0.852996254681648, "best_C": 10.0}