{"last_index": 12, "train_errors": [0.6828004171203571, 0.656259916835422, 0.6365472519381814, 0.6342557191703836, 0.6342104459693614, 0.634209958258714, 0.6342099534468649, 0.6342099533817005, 0.6342099542032394, 0.6342099538319789, 0.6342099536334673, 0.6342099539128525, 0.6342099537345449], "val_errors": [0.6852589215915956, 0.6673876082996122, 0.6586716458868805, 0.6606337431775842, 0.6612047242810232, 0.6612680540496966, 0.6612740793010274, 0.6612756110809999, 0.6612758911064452, 0.6612753559470427, 0.6612747192333129, 0.6612748506792897, 0.6612751791032769], "train_f1s": [0.6207723674742145, 0.6375089137152365, 0.6396396396396397, 0.6426369456959924, 0.645527685754851, 0.6456953642384106, 0.6456953642384106, 0.6456953642384106, 0.6456953642384106, 0.6456953642384106, 0.6456953642384106, 0.6456953642384106, 0.6456953642384106], "val_f1s": [0.5885466794995188, 0.6071682886304296, 0.6171213546566322, 0.6191369606003753, 0.6196390906960394, 0.6195270428471084, 0.6195270428471084, 0.6198501872659176, 0.6198501872659176, 0.6195270428471084, 0.6195270428471084, 0.6195270428471084, 0.6195270428471084], "best_f1": 0.6198501872659176, "best_C": 10.0}