{"last_index": 12, "train_errors": [0.6794413460815697, 0.6537643869438169, 0.6416261883706964, 0.6408352388473678, 0.6408233567613334, 0.6408232341466592, 0.6408232316544049, 0.640823232447574, 0.640823232811755, 0.6408232316099856, 0.6408232316471686, 0.6408232316498707, 0.6408232316501534], "val_errors": [0.678553485778826, 0.6525371079848195, 0.6420393902662578, 0.6419968303250149, 0.6420858887375217, 0.6420949118872229, 0.6420969697845486, 0.6420985770399861, 0.6420987675371951, 0.6420982341315469, 0.6420982729299735, 0.6420982750286733, 0.6420982752410368], "train_f1s": [0.607409381663113, 0.6258755120919783, 0.6389324960753532, 0.6379355514802201, 0.6388270716062312, 0.6388270716062312, 0.6388270716062312, 0.6388270716062312, 0.6388270716062312, 0.6388270716062312, 0.6388270716062312, 0.6388270716062312, 0.6388270716062312], "val_f1s": [0.6129374337221634, 0.6311345646437995, 0.6366019926586262, 0.6266456029489205, 0.6273684210526316, 0.6266456029489205, 0.6266456029489205, 0.6266456029489205, 0.6266456029489205, 0.6266456029489205, 0.6266456029489205, 0.6266456029489205, 0.6266456029489205], "best_f1": 0.6366019926586262, "best_C": 9.999999999999999e-05}